key,key:member,key:project
projectMember-01,member-01,project-001
projectMember-02,member-01,project-002
projectMember-03,member-01,project-004
projectMember-04,member-01,project-007
projectMember-05,member-01,project-010
projectMember-06,member-01,project-021
projectMember-07,member-01,project-022
projectMember-08,member-02,project-001
projectMember-09,member-02,project-003
projectMember-10,member-02,project-005
projectMember-11,member-02,project-006
projectMember-12,member-02,project-008
projectMember-13,member-02,project-009
projectMember-14,member-02,project-011
projectMember-15,member-02,project-021
projectMember-16,member-02,project-022
projectMember-17,member-03,project-001
projectMember-18,member-03,project-003
projectMember-19,member-03,project-004
projectMember-20,member-03,project-007
projectMember-21,member-03,project-008
projectMember-22,member-03,project-009
projectMember-23,member-03,project-010
projectMember-24,member-03,project-021
projectMember-25,member-03,project-022
projectMember-26,member-04,project-001
projectMember-27,member-04,project-002
projectMember-28,member-04,project-005
projectMember-29,member-04,project-006
projectMember-30,member-04,project-022
projectMember-31,member-05,project-001
projectMember-32,member-05,project-003
projectMember-33,member-05,project-004
projectMember-34,member-05,project-005
projectMember-35,member-05,project-021
projectMember-36,member-06,project-002
projectMember-37,member-06,project-006
projectMember-38,member-06,project-022